desplazamiento,velocidad,estatus
-650,-614,S
-650,-614,S
-630,-614,S
-610,-614,S
-589,-614,S
-569,-614,S
-548,-614,S
-528,-614,S
-507,-614,S
-487,-614,S
-466,-614,S
-446,-614,S
-425,-614,S
-405,-614,S
-384,-614,S
-364,-614,S
-343,-614,S
-323,-614,S
-303,-614,S
-282,-614,A
-262,-614,A
-241,-614,A
-221,-614,A
-200,-614,A
-180,-614,A
-159,-614,A
-139,-614,A
-118,-614,A
-98,-614,A
-77,-614,A
-57,-614,A
-37,-614,A
-16,-614,A
4,-614,A
25,-614,A
45,-614,A
50,-614,A
-650,-781,A
-650,-781,A
-624,-781,A
-598,-781,A
-572,-781,S
-546,-781,S
-520,-781,S
-494,-781,S
-468,-781,S
-442,-781,S
-416,-781,S
-390,-781,S
-364,-781,S
-338,-781,S
-312,-781,S
-286,-781,S
-260,-781,S
-234,-781,S
-208,-781,S
-182,-781,S
-156,-781,S
-130,-781,S
-104,-781,S
-78,-781,A
-52,-781,A
-650,-457,A
-650,-457,A
-635,-457,A
-620,-457,A
-605,-457,A
-590,-457,S
-574,-457,S
-559,-457,S
-544,-457,S
-529,-457,S
-513,-457,S
-498,-457,S
-483,-457,S
-468,-457,S
-452,-457,S
-437,-457,S
-422,-457,S
-407,-457,S
-392,-457,S
-376,-457,S
-361,-457,S
-346,-457,S
-331,-457,S
-315,-457,S
-300,-457,S
-285,-457,S
-270,-457,S
-254,-457,S
-239,-457,S
-224,-457,S
-209,-457,S
-193,-457,S
-178,-457,S
-163,-457,S
-148,-457,S
-133,-457,A
-117,-457,A
-102,-457,A
-87,-457,A
-72,-457,A
-56,-457,A
-41,-457,A
-26,-457,A
-11,-457,A
5,-457,A
20,-457,A
35,-457,A
50,-457,A
-650,-538,A
-650,-538,A
-633,-538,A
-615,-538,A
-597,-538,A
-579,-538,A
-561,-538,A
-543,-538,A
-525,-538,S
-507,-538,S
-489,-538,S
-471,-538,S
-453,-538,S
-435,-538,S
-417,-538,S
-399,-538,S
-382,-538,S
-364,-538,S
-346,-538,S
-328,-538,S
-310,-538,S
-292,-538,S
-274,-538,S
-256,-538,S
-238,-538,S
-220,-538,S
-202,-538,S
-184,-538,S
-166,-538,S
-148,-538,A
-130,-538,A
-113,-538,A
-95,-538,A
-77,-538,A
-59,-538,A
-41,-538,A
-23,-538,A
-5,-538,A
13,-538,A
31,-538,A
49,-538,A
50,-538,A
-650,-422,A
-650,-422,A
-636,-422,A
-622,-422,A
-608,-422,A
-594,-422,A
-580,-422,A
-566,-422,A
-552,-422,S
-538,-422,S
-524,-422,S
-510,-422,S
-496,-422,S
-482,-422,S
-468,-422,S
-454,-422,S
-439,-422,S
-425,-422,S
-411,-422,S
-397,-422,S
-383,-422,S
-369,-422,S
-355,-422,S
-341,-422,S
-327,-422,S
-313,-422,S
-299,-422,S
-285,-422,S
-271,-422,S
-257,-422,S
-243,-422,S
-228,-422,S
-214,-422,S
-200,-422,S
-186,-422,S
-172,-422,S
-158,-422,S
-144,-422,S
-130,-422,S
-116,-422,S
-102,-422,A
-88,-422,A
-74,-422,A
-60,-422,A
-46,-422,A
-32,-422,A
-17,-422,A
-3,-422,A
11,-422,A
25,-422,A
39,-422,A
50,-422,A
-650,-660,A
-650,-660,A
-628,-660,A
-606,-660,A
-584,-660,A
-562,-660,A
-540,-660,A
-518,-660,A
-496,-660,S
-474,-660,S
-452,-660,S
-430,-660,S
-408,-660,S
-386,-660,S
-364,-660,S
-342,-660,S
-320,-660,S
-298,-660,S
-276,-660,S
-254,-660,S
-232,-660,S
-210,-660,S
-188,-660,S
-166,-660,S
-144,-660,S
-122,-660,S
-100,-660,A
-78,-660,A
-56,-660,A
-34,-660,A
-12,-660,A
10,-660,A
32,-660,A
50,-660,A
-650,-597,A
-650,-597,A
-631,-597,A
-611,-597,A
-591,-597,A
-571,-597,A
-551,-597,A
-531,-597,A
-511,-597,A
-491,-597,S
-471,-597,S
-452,-597,S
-432,-597,S
-412,-597,S
-392,-597,S
-372,-597,S
-352,-597,S
-332,-597,S
-312,-597,S
-292,-597,S
-272,-597,S
-253,-597,S
-233,-597,S
-213,-597,S
-193,-597,S
-173,-597,S
-153,-597,S
-133,-597,S
-113,-597,A
-93,-597,A
-73,-597,A
-54,-597,A
-34,-597,A
-14,-597,A
6,-597,A
26,-597,A
46,-597,A
50,-597,A
-650,-391,A
-650,-391,A
-637,-391,A
-624,-391,A
-611,-391,A
-598,-391,A
-585,-391,A
-572,-391,A
-559,-391,A
-546,-391,S
-533,-391,S
-520,-391,S
-507,-391,S
-494,-391,S
-481,-391,S
-468,-391,S
-455,-391,S
-442,-391,S
-429,-391,S
-416,-391,S
-403,-391,S
-390,-391,S
-377,-391,S
-364,-391,S
-351,-391,S
-338,-391,S
-325,-391,S
-312,-391,S
-299,-391,S
-286,-391,S
-273,-391,S
-259,-391,S
-246,-391,S
-233,-391,S
-220,-391,S
-207,-391,S
-194,-391,S
-181,-391,S
-168,-391,S
-155,-391,A
-142,-391,A
-129,-391,A
-116,-391,A
-103,-391,A
-90,-391,A
-77,-391,A
-64,-391,A
-51,-391,A
-38,-391,A
-25,-391,A
-12,-391,A
1,-391,A
14,-391,A
27,-391,A
40,-391,A
50,-391,A
-650,-690,A
-650,-690,A
-627,-690,A
-604,-690,A
-581,-690,A
-558,-690,S
-535,-690,S
-512,-690,S
-489,-690,S
-466,-690,S
-443,-690,S
-420,-690,S
-397,-690,S
-374,-690,S
-351,-690,S
-328,-690,S
-305,-690,S
-282,-690,S
-259,-690,S
-236,-690,S
-213,-690,S
-190,-690,S
-167,-690,A
-144,-690,A
-121,-690,A
-98,-690,A
-75,-690,A
-52,-690,A
-29,-690,A
-6,-690,A
17,-690,A
40,-690,A
50,-690,A
-650,-767,A
-650,-767,A
-625,-767,A
-599,-767,A
-574,-767,A
-548,-767,A
-523,-767,A
-497,-767,A
-472,-767,A
-446,-767,S
-420,-767,S
-395,-767,S
-369,-767,S
-344,-767,S
-318,-767,S
-293,-767,S
-267,-767,S
-241,-767,S
-216,-767,A
-190,-767,A
-165,-767,A
-139,-767,A
-114,-767,A
-88,-767,A
-62,-767,A
-37,-767,A
-11,-767,A
14,-767,A
40,-767,A
50,-767,A
-650,-522,A
-650,-522,A
-633,-522,A
-616,-522,A
-598,-522,A
-581,-522,A
-564,-522,A
-546,-522,A
-529,-522,S
-511,-522,S
-494,-522,S
-477,-522,S
-459,-522,S
-442,-522,S
-424,-522,S
-407,-522,S
-390,-522,S
-372,-522,S
-355,-522,S
-337,-522,S
-320,-522,S
-303,-522,S
-285,-522,S
-268,-522,S
-250,-522,S
-233,-522,S
-216,-522,S
-198,-522,S
-181,-522,S
-163,-522,S
-146,-522,S
-129,-522,S
-111,-522,A
-94,-522,A
-76,-522,A
-59,-522,A
-42,-522,A
-24,-522,A
-7,-522,A
11,-522,A
28,-522,A
45,-522,A
50,-522,A
-650,-519,A
-650,-519,A
-633,-519,A
-616,-519,A
-599,-519,A
-581,-519,A
-564,-519,A
-547,-519,A
-529,-519,A
-512,-519,S
-495,-519,S
-478,-519,S
-460,-519,S
-443,-519,S
-426,-519,S
-408,-519,S
-391,-519,S
-374,-519,S
-356,-519,S
-339,-519,S
-322,-519,S
-305,-519,S
-287,-519,S
-270,-519,S
-253,-519,S
-235,-519,S
-218,-519,S
-201,-519,A
-183,-519,A
-166,-519,A
-149,-519,A
-132,-519,A
-114,-519,A
-97,-519,A
-80,-519,A
-62,-519,A
-45,-519,A
-28,-519,A
-10,-519,A
7,-519,A
24,-519,A
41,-519,A
50,-519,A
-650,-395,A
-650,-395,A
-637,-395,A
-624,-395,A
-611,-395,A
-598,-395,A
-585,-395,S
-572,-395,S
-558,-395,S
-545,-395,S
-532,-395,S
-519,-395,S
-506,-395,S
-493,-395,S
-479,-395,S
-466,-395,S
-453,-395,S
-440,-395,S
-427,-395,S
-414,-395,S
-400,-395,S
-387,-395,S
-374,-395,S
-361,-395,S
-348,-395,S
-335,-395,S
-321,-395,S
-308,-395,S
-295,-395,S
-282,-395,S
-269,-395,S
-256,-395,S
-242,-395,S
-229,-395,S
-216,-395,S
-203,-395,S
-190,-395,S
-177,-395,S
-163,-395,S
-150,-395,A
-137,-395,A
-124,-395,A
-111,-395,A
-98,-395,A
-84,-395,A
-71,-395,A
-58,-395,A
-45,-395,A
-32,-395,A
-19,-395,A
-5,-395,A
8,-395,A
21,-395,A
34,-395,A
47,-395,A
50,-395,A
-650,-490,A
-650,-490,A
-634,-490,A
-618,-490,A
-601,-490,A
-585,-490,S
-569,-490,S
-552,-490,S
-536,-490,S
-520,-490,S
-503,-490,S
-487,-490,S
-471,-490,S
-454,-490,S
-438,-490,S
-422,-490,S
-405,-490,S
-389,-490,S
-373,-490,S
-356,-490,S
-340,-490,S
-324,-490,S
-307,-490,S
-291,-490,S
-275,-490,S
-258,-490,S
-242,-490,S
-226,-490,S
-209,-490,A
-193,-490,A
-177,-490,A
-160,-490,A
-144,-490,A
-128,-490,A
-111,-490,A
-95,-490,A
-79,-490,A
-62,-490,A
-46,-490,A
-30,-490,A
-13,-490,A
3,-490,A
19,-490,A
36,-490,A
50,-490,A
-650,-687,A
-650,-687,A
-628,-687,A
-605,-687,A
-582,-687,A
-559,-687,S
-536,-687,S
-513,-687,S
-490,-687,S
-467,-687,S
-444,-687,S
-422,-687,S
-399,-687,S
-376,-687,S
-353,-687,S
-330,-687,S
-307,-687,S
-284,-687,S
-261,-687,S
-238,-687,S
-215,-687,S
-193,-687,S
-170,-687,S
-147,-687,A
-124,-687,A
-101,-687,A
-78,-687,A
-55,-687,A
-32,-687,A
-9,-687,A
14,-687,A
36,-687,A
50,-687,A
-650,-307,A
-650,-307,A
-640,-307,A
-630,-307,A
-620,-307,A
-610,-307,A
-599,-307,A
-589,-307,A
-579,-307,A
-569,-307,S
-558,-307,S
-548,-307,S
-538,-307,S
-528,-307,S
-517,-307,S
-507,-307,S
-497,-307,S
-487,-307,S
-477,-307,S
-466,-307,S
-456,-307,S
-446,-307,S
-436,-307,S
-425,-307,S
-415,-307,S
-405,-307,S
-395,-307,S
-384,-307,S
-374,-307,S
-364,-307,S
-354,-307,S
-343,-307,S
-333,-307,S
-323,-307,S
-313,-307,S
-303,-307,S
-292,-307,S
-282,-307,S
-272,-307,S
-262,-307,S
-251,-307,S
-241,-307,S
-231,-307,S
-221,-307,S
-210,-307,S
-200,-307,S
-190,-307,S
-180,-307,S
-170,-307,S
-159,-307,S
-149,-307,S
-139,-307,S
-129,-307,S
-118,-307,S
-108,-307,S
-98,-307,S
-88,-307,S
-77,-307,A
-67,-307,A
-57,-307,A
-47,-307,A
-36,-307,A
-26,-307,A
-16,-307,A
-6,-307,A
4,-307,A
15,-307,A
25,-307,A
35,-307,A
45,-307,A
50,-307,A
-650,-448,A
-650,-448,A
-636,-448,A
-621,-448,A
-606,-448,A
-591,-448,A
-576,-448,A
-561,-448,A
-546,-448,S
-531,-448,S
-516,-448,S
-501,-448,S
-486,-448,S
-471,-448,S
-456,-448,S
-441,-448,S
-427,-448,S
-412,-448,S
-397,-448,S
-382,-448,S
-367,-448,S
-352,-448,S
-337,-448,S
-322,-448,S
-307,-448,S
-292,-448,S
-277,-448,S
-262,-448,S
-247,-448,S
-232,-448,S
-217,-448,S
-203,-448,S
-188,-448,S
-173,-448,A
-158,-448,A
-143,-448,A
-128,-448,A
-113,-448,A
-98,-448,A
-83,-448,A
-68,-448,A
-53,-448,A
-38,-448,A
-23,-448,A
-8,-448,A
7,-448,A
21,-448,A
36,-448,A
50,-448,A
-650,-769,A
-650,-769,A
-625,-769,A
-599,-769,A
-574,-769,A
-548,-769,A
-522,-769,S
-497,-769,S
-471,-769,S
-445,-769,S
-420,-769,S
-394,-769,S
-369,-769,S
-343,-769,S
-317,-769,S
-292,-769,S
-266,-769,S
-240,-769,S
-215,-769,S
-189,-769,S
-163,-769,S
-138,-769,A
-112,-769,A
-87,-769,A
-61,-769,A
-35,-769,A
-10,-769,A
16,-769,A
42,-769,A
50,-769,A
-650,-389,A
-650,-389,A
-638,-389,A
-625,-389,A
-612,-389,A
-599,-389,A
-586,-389,A
-573,-389,A
-560,-389,A
-547,-389,S
-534,-389,S
-521,-389,S
-508,-389,S
-495,-389,S
-482,-389,S
-469,-389,S
-456,-389,S
-443,-389,S
-430,-389,S
-417,-389,S
-404,-389,S
-391,-389,S
-378,-389,S
-365,-389,S
-352,-389,S
-339,-389,S
-326,-389,S
-313,-389,S
-300,-389,S
-287,-389,S
-274,-389,S
-261,-389,S
-249,-389,S
-236,-389,S
-223,-389,S
-210,-389,A
-197,-389,A
-184,-389,A
-171,-389,A
-158,-389,A
-145,-389,A
-132,-389,A
-119,-389,A
-106,-389,A
-93,-389,A
-80,-389,A
-67,-389,A
-54,-389,A
-41,-389,A
-28,-389,A
-15,-389,A
-2,-389,A
11,-389,A
24,-389,A
37,-389,S
50,-389,S
-650,-493,S
-650,-493,S
-634,-493,S
-618,-493,S
-601,-493,S
-585,-493,S
-568,-493,S
-552,-493,S
-535,-493,S
-519,-493,S
-503,-493,S
-486,-493,S
-470,-493,S
-453,-493,S
-437,-493,S
-420,-493,S
-404,-493,S
-388,-493,S
-371,-493,S
-355,-493,S
-338,-493,S
-322,-493,S
-305,-493,S
-289,-493,S
-273,-493,S
-256,-493,S
-240,-493,S
-223,-493,S
-207,-493,S
-190,-493,S
-174,-493,S
-158,-493,S
-141,-493,A
-125,-493,A
-108,-493,A
-92,-493,A
-75,-493,A
-59,-493,A
-42,-493,A
-26,-493,A
-10,-493,A
7,-493,A
23,-493,A
40,-493,A
50,-493,A
-650,-378,A
-650,-378,A
-638,-378,A
-625,-378,A
-613,-378,A
-600,-378,A
-587,-378,A
-575,-378,A
-562,-378,S
-550,-378,S
-537,-378,S
-524,-378,S
-512,-378,S
-499,-378,S
-487,-378,S
-474,-378,S
-461,-378,S
-449,-378,S
-436,-378,S
-424,-378,S
-411,-378,S
-398,-378,S
-386,-378,S
-373,-378,S
-361,-378,S
-348,-378,S
-335,-378,S
-323,-378,S
-310,-378,S
-298,-378,S
-285,-378,S
-272,-378,S
-260,-378,S
-247,-378,S
-235,-378,S
-222,-378,S
-209,-378,S
-197,-378,S
-184,-378,S
-172,-378,S
-159,-378,S
-146,-378,S
-134,-378,S
-121,-378,A
-109,-378,A
-96,-378,A
-83,-378,A
-71,-378,A
-58,-378,A
-46,-378,A
-33,-378,A
-20,-378,A
-8,-378,A
5,-378,A
17,-378,A
30,-378,A
43,-378,A
50,-378,A
-650,-604,A
-650,-604,A
-630,-604,A
-610,-604,A
-590,-604,A
-570,-604,A
-550,-604,A
-530,-604,S
-510,-604,S
-489,-604,S
-469,-604,S
-449,-604,S
-429,-604,S
-409,-604,S
-389,-604,S
-369,-604,S
-349,-604,S
-328,-604,S
-308,-604,S
-288,-604,S
-268,-604,S
-248,-604,S
-228,-604,S
-208,-604,S
-187,-604,S
-167,-604,A
-147,-604,A
-127,-604,A
-107,-604,A
-87,-604,A
-67,-604,A
-47,-604,A
-26,-604,A
-6,-604,A
14,-604,A
34,-604,A
50,-604,A
-650,-556,A
-650,-556,A
-632,-556,A
-613,-556,A
-595,-556,A
-576,-556,A
-558,-556,A
-539,-556,A
-521,-556,S
-502,-556,S
-484,-556,S
-465,-556,S
-447,-556,S
-428,-556,S
-410,-556,S
-391,-556,S
-373,-556,S
-354,-556,S
-335,-556,S
-317,-556,S
-298,-556,S
-280,-556,S
-261,-556,S
-243,-556,S
-224,-556,S
-206,-556,S
-187,-556,S
-169,-556,S
-150,-556,A
-132,-556,A
-113,-556,A
-95,-556,A
-76,-556,A
-57,-556,A
-39,-556,A
-20,-556,A
-2,-556,A
17,-556,A
35,-556,A
50,-556,A
-650,-799,A
-650,-799,A
-624,-799,A
-597,-799,A
-571,-799,A
-544,-799,A
-517,-799,A
-491,-799,A
-464,-799,S
-437,-799,S
-411,-799,S
-384,-799,S
-358,-799,S
-331,-799,S
-304,-799,S
-278,-799,S
-251,-799,S
-224,-799,S
-198,-799,S
-171,-799,S
-144,-799,A
-118,-799,A
-91,-799,A
-65,-799,A
-38,-799,A
-11,-799,A
15,-799,A
42,-799,A
50,-799,A
-650,-648,A
-650,-648,A
-629,-648,A
-607,-648,A
-586,-648,A
-564,-648,A
-542,-648,A
-521,-648,A
-499,-648,A
-478,-648,S
-456,-648,S
-434,-648,S
-413,-648,S
-391,-648,S
-370,-648,S
-348,-648,S
-326,-648,S
-305,-648,S
-283,-648,S
-262,-648,S
-240,-648,S
-218,-648,S
-197,-648,S
-175,-648,S
-154,-648,S
-132,-648,A
-110,-648,A
-89,-648,A
-67,-648,A
-46,-648,A
-24,-648,A
-2,-648,A
19,-648,A
41,-648,A
50,-648,A
-650,-526,A
-650,-526,A
-633,-526,A
-615,-526,A
-598,-526,A
-580,-526,A
-563,-526,A
-545,-526,A
-528,-526,A
-510,-526,S
-493,-526,S
-475,-526,S
-458,-526,S
-440,-526,S
-423,-526,S
-405,-526,S
-388,-526,S
-370,-526,S
-352,-526,S
-335,-526,S
-317,-526,S
-300,-526,S
-282,-526,S
-265,-526,S
-247,-526,S
-230,-526,S
-212,-526,S
-195,-526,S
-177,-526,S
-160,-526,S
-142,-526,A
-125,-526,A
-107,-526,A
-89,-526,A
-72,-526,A
-54,-526,A
-37,-526,A
-19,-526,A
-2,-526,A
16,-526,A
33,-526,A
50,-526,A
-650,-546,A
-650,-546,A
-632,-546,A
-614,-546,A
-596,-546,A
-578,-546,A
-559,-546,A
-541,-546,A
-523,-546,S
-505,-546,S
-487,-546,S
-468,-546,S
-450,-546,S
-432,-546,S
-414,-546,S
-396,-546,S
-377,-546,S
-359,-546,S
-341,-546,S
-323,-546,S
-305,-546,S
-286,-546,A
-268,-546,A
-250,-546,A
-232,-546,A
-214,-546,A
-195,-546,A
-177,-546,A
-159,-546,A
-141,-546,A
-123,-546,A
-104,-546,A
-86,-546,A
-68,-546,A
-50,-546,A
-32,-546,A
-13,-546,A
5,-546,A
23,-546,A
41,-546,A
50,-546,S
-650,-599,S
-650,-599,A
-631,-599,A
-611,-599,A
-591,-599,A
-571,-599,A
-551,-599,A
-531,-599,A
-511,-599,A
-491,-599,A
-471,-599,A
-451,-599,A
-431,-599,A
-411,-599,A
-391,-599,A
-371,-599,A
-351,-599,A
-331,-599,A
-311,-599,A
-291,-599,A
-271,-599,S
-251,-599,S
-231,-599,S
-211,-599,S
-191,-599,S
-171,-599,A
-151,-599,A
-131,-599,A
-111,-599,A
-91,-599,A
-71,-599,A
-52,-599,A
-32,-599,A
-12,-599,A
8,-599,A
28,-599,A
48,-599,A
50,-599,A
-650,-445,A
-650,-445,A
-636,-445,A
-621,-445,A
-606,-445,A
-591,-445,A
-576,-445,A
-561,-445,A
-547,-445,S
-532,-445,S
-517,-445,S
-502,-445,S
-487,-445,S
-472,-445,S
-458,-445,S
-443,-445,S
-428,-445,S
-413,-445,S
-398,-445,S
-383,-445,S
-369,-445,S
-354,-445,S
-339,-445,S
-324,-445,S
-309,-445,S
-294,-445,S
-280,-445,S
-265,-445,S
-250,-445,S
-235,-445,S
-220,-445,S
-205,-445,S
-191,-445,S
-176,-445,S
-161,-445,S
-146,-445,S
-131,-445,S
-116,-445,S
-102,-445,S
-87,-445,S
-72,-445,A
-57,-445,A
-42,-445,A
-27,-445,A
-13,-445,A
2,-445,A
17,-445,A
32,-445,A
47,-445,A
50,-445,A
-650,-708,A
-650,-708,A
-627,-708,A
-603,-708,A
-580,-708,A
-556,-708,A
-532,-708,A
-509,-708,A
-485,-708,A
-462,-708,S
-438,-708,S
-414,-708,S
-391,-708,S
-367,-708,S
-344,-708,S
-320,-708,S
-296,-708,S
-273,-708,S
-249,-708,S
-226,-708,S
-202,-708,S
-178,-708,A
-155,-708,A
-131,-708,A
-108,-708,A
-84,-708,A
-60,-708,A
-37,-708,A
-13,-708,A
10,-708,A
34,-708,A
50,-708,A
-650,-367,A
-650,-367,A
-638,-367,A
-626,-367,A
-614,-367,A
-602,-367,A
-589,-367,A
-577,-367,A
-565,-367,A
-553,-367,S
-540,-367,S
-528,-367,S
-516,-367,S
-504,-367,S
-491,-367,S
-479,-367,S
-467,-367,S
-455,-367,S
-443,-367,S
-430,-367,S
-418,-367,S
-406,-367,S
-394,-367,S
-381,-367,S
-369,-367,S
-357,-367,S
-345,-367,S
-332,-367,S
-320,-367,S
-308,-367,S
-296,-367,S
-283,-367,S
-271,-367,S
-259,-367,S
-247,-367,S
-235,-367,S
-222,-367,S
-210,-367,S
-198,-367,S
-186,-367,S
-173,-367,S
-161,-367,A
-149,-367,A
-137,-367,A
-124,-367,A
-112,-367,A
-100,-367,A
-88,-367,A
-76,-367,A
-63,-367,A
-51,-367,A
-39,-367,A
-27,-367,A
-14,-367,A
-2,-367,A
10,-367,A
22,-367,A
35,-367,A
47,-367,A
50,-367,A
-650,-767,A
-650,-767,S
-625,-767,S
-599,-767,S
-574,-767,S
-548,-767,S
-523,-767,S
-497,-767,S
-472,-767,S
-446,-767,S
-420,-767,S
-395,-767,S
-369,-767,S
-344,-767,S
-318,-767,S
-293,-767,S
-267,-767,S
-241,-767,S
-216,-767,A
-190,-767,A
-165,-767,A
-139,-767,A
-114,-767,A
-88,-767,A
-62,-767,A
-37,-767,A
-11,-767,A
14,-767,A
40,-767,A
50,-767,A
-650,-474,A
-650,-474,A
-635,-474,A
-619,-474,A
-603,-474,A
-587,-474,A
-572,-474,A
-556,-474,A
-540,-474,S
-524,-474,S
-508,-474,S
-493,-474,S
-477,-474,S
-461,-474,S
-445,-474,S
-429,-474,S
-414,-474,S
-398,-474,S
-382,-474,S
-366,-474,S
-350,-474,S
-335,-474,S
-319,-474,S
-303,-474,A
-287,-474,A
-271,-474,A
-256,-474,A
-240,-474,A
-224,-474,A
-208,-474,A
-192,-474,A
-177,-474,A
-161,-474,A
-145,-474,A
-129,-474,A
-113,-474,A
-98,-474,A
-82,-474,A
-66,-474,A
-50,-474,A
-34,-474,A
-650,-484,A
-650,-637,A
-650,-637,A
-629,-637,A
-608,-637,A
-587,-637,A
-566,-637,S
-544,-637,S
-523,-637,S
-502,-637,S
-481,-637,S
-459,-637,S
-438,-637,S
-417,-637,S
-396,-637,S
-374,-637,S
-353,-637,S
-332,-637,S
-311,-637,S
-290,-637,S
-268,-637,S
-247,-637,S
-226,-637,S
-205,-637,S
-183,-637,S
-162,-637,S
-141,-637,S
-120,-637,S
-98,-637,A
-77,-637,A
-56,-637,A
-35,-637,A
-13,-637,A
8,-637,A
29,-637,A
50,-637,A
-650,-799,A
-650,-799,A
-624,-799,A
-597,-799,A
-571,-799,A
-544,-799,A
-517,-799,A
-491,-799,A
-464,-799,A
-437,-799,S
-411,-799,S
-384,-799,S
-358,-799,S
-331,-799,S
-304,-799,S
-278,-799,S
-251,-799,S
-224,-799,S
-198,-799,S
-171,-799,S
-144,-799,S
-118,-799,S
-91,-799,S
-65,-799,S
-38,-799,S
-650,-438,S
-650,-438,S
-636,-438,S
-621,-438,S
-607,-438,S
-592,-438,S
-577,-438,S
-563,-438,S
-548,-438,S
-534,-438,S
-519,-438,S
-504,-438,S
-490,-438,S
-475,-438,S
-461,-438,S
-446,-438,S
-431,-438,S
-417,-438,S
-402,-438,S
-388,-438,S
-373,-438,S
-358,-438,S
-344,-438,S
-329,-438,S
-315,-438,S
-300,-438,S
-285,-438,S
-271,-438,S
-256,-438,S
-242,-438,A
-227,-438,A
-212,-438,A
-198,-438,A
-183,-438,A
-169,-438,A
-154,-438,A
-139,-438,A
-125,-438,A
-110,-438,A
-96,-438,A
-81,-438,A
-66,-438,A
-52,-438,A
-37,-438,A
-23,-438,A
-8,-438,A
7,-438,A
21,-438,A
36,-438,S
50,-438,S
-650,-337,S
-650,-337,S
-639,-337,S
-628,-337,S
-617,-337,S
-606,-337,S
-594,-337,S
-583,-337,S
-572,-337,S
-561,-337,S
-549,-337,S
-538,-337,S
-527,-337,S
-516,-337,S
-504,-337,S
-493,-337,S
-482,-337,S
-471,-337,S
-460,-337,S
-448,-337,S
-437,-337,S
-426,-337,S
-415,-337,S
-403,-337,S
-392,-337,S
-381,-337,S
-370,-337,S
-358,-337,S
-347,-337,S
-336,-337,S
-325,-337,S
-313,-337,S
-302,-337,S
-291,-337,S
-280,-337,S
-269,-337,S
-257,-337,S
-246,-337,S
-235,-337,S
-224,-337,S
-212,-337,S
-201,-337,S
-190,-337,S
-179,-337,S
-167,-337,S
-156,-337,S
-145,-337,S
-134,-337,S
-123,-337,S
-111,-337,S
-100,-337,S
-89,-337,A
-78,-337,A
-66,-337,A
-55,-337,A
-44,-337,A
-33,-337,A
-21,-337,A
-10,-337,A
1,-337,A
12,-337,A
24,-337,A
35,-337,A
46,-337,A
50,-337,A
-650,-319,A
-650,-319,A
-640,-319,A
-629,-319,A
-619,-319,A
-608,-319,A
-597,-319,A
-587,-319,A
-576,-319,S
-565,-319,S
-555,-319,S
-544,-319,S
-534,-319,S
-523,-319,S
-512,-319,S
-502,-319,S
-491,-319,S
-480,-319,S
-470,-319,S
-459,-319,S
-448,-319,S
-438,-319,S
-427,-319,S
-417,-319,S
-406,-319,S
-395,-319,S
-385,-319,S
-374,-319,S
-363,-319,S
-353,-319,S
-342,-319,S
-332,-319,S
-321,-319,S
-310,-319,S
-300,-319,S
-289,-319,S
-278,-319,S
-268,-319,S
-257,-319,S
-246,-319,S
-236,-319,S
-225,-319,S
-215,-319,S
-204,-319,S
-193,-319,S
-183,-319,S
-172,-319,S
-161,-319,S
-151,-319,S
-140,-319,A
-129,-319,A
-119,-319,A
-108,-319,A
-98,-319,A
-87,-319,A
-76,-319,A
-66,-319,A
-55,-319,A
-44,-319,A
-34,-319,A
-23,-319,A
-13,-319,A
-2,-319,A
9,-319,A
19,-319,A
30,-319,A
41,-319,A
50,-319,A
-650,-786,A
-650,-786,S
-624,-786,S
-598,-786,S
-572,-786,S
-546,-786,S
-519,-786,S
-493,-786,S
-467,-786,S
-441,-786,S
-415,-786,S
-388,-786,S
-362,-786,S
-336,-786,S
-310,-786,S
-284,-786,S
-257,-786,S
-231,-786,S
-205,-786,S
-179,-786,S
-153,-786,A
-126,-786,A
-100,-786,A
-74,-786,A
-48,-786,A
-22,-786,A
5,-786,A
31,-786,A
50,-786,A
-650,-548,A
-650,-548,A
-632,-548,A
-614,-548,A
-596,-548,A
-577,-548,A
-559,-548,A
-541,-548,A
-523,-548,A
-504,-548,S
-486,-548,S
-468,-548,S
-450,-548,S
-431,-548,S
-413,-548,S
-395,-548,S
-377,-548,S
-358,-548,S
-340,-548,S
-322,-548,S
-303,-548,S
-285,-548,S
-267,-548,S
-249,-548,S
-230,-548,S
-212,-548,S
-194,-548,S
-176,-548,S
-157,-548,S
-139,-548,A
-121,-548,A
-103,-548,A
-84,-548,A
-66,-548,A
-48,-548,A
-29,-548,A
-11,-548,A
7,-548,A
25,-548,A
44,-548,A
50,-548,A
-650,-425,A
-650,-425,A
-636,-425,A
-622,-425,A
-608,-425,A
-594,-425,A
-580,-425,A
-566,-425,A
-551,-425,S
-537,-425,S
-523,-425,S
-509,-425,S
-495,-425,S
-481,-425,S
-466,-425,S
-452,-425,S
-438,-425,S
-424,-425,S
-410,-425,S
-396,-425,S
-381,-425,S
-367,-425,S
-353,-425,S
-339,-425,S
-325,-425,S
-311,-425,S
-296,-425,S
-282,-425,S
-268,-425,S
-254,-425,S
-240,-425,S
-226,-425,S
-211,-425,S
-197,-425,S
-183,-425,S
-169,-425,S
-155,-425,S
-141,-425,A
-126,-425,A
-112,-425,A
-98,-425,A
-84,-425,A
-70,-425,A
-56,-425,A
-41,-425,A
-27,-425,A
-13,-425,A
1,-425,A
15,-425,A
29,-425,A
44,-425,A
50,-425,A
-650,-648,A
-650,-648,A
-629,-648,A
-607,-648,A
-586,-648,A
-564,-648,A
-542,-648,A
-521,-648,S
-499,-648,S
-478,-648,S
-456,-648,S
-434,-648,S
-413,-648,S
-391,-648,S
-370,-648,S
-348,-648,S
-326,-648,S
-305,-648,S
-283,-648,S
-262,-648,S
-240,-648,S
-218,-648,S
-197,-648,S
-175,-648,S
-154,-648,S
-132,-648,S
-110,-648,A
-89,-648,A
-67,-648,A
-46,-648,A
-24,-648,A
-2,-648,A
19,-648,A
41,-648,A
50,-648,A
-650,-694,A
-650,-694,A
-627,-694,A
-604,-694,A
-581,-694,A
-558,-694,A
-535,-694,A
-512,-694,A
-489,-694,A
-465,-694,S
-442,-694,S
-419,-694,S
-396,-694,S
-373,-694,S
-350,-694,S
-327,-694,S
-304,-694,S
-280,-694,S
-257,-694,S
-234,-694,S
-211,-694,S
-188,-694,S
-165,-694,S
-142,-694,A
-118,-694,A
-95,-694,A
-72,-694,A
-49,-694,A
-26,-694,A
-3,-694,A
20,-694,A
43,-694,A
50,-694,A
-650,-674,A
-650,-674,A
-628,-674,A
-606,-674,A
-583,-674,A
-561,-674,A
-538,-674,A
-516,-674,A
-493,-674,A
-471,-674,S
-448,-674,S
-426,-674,S
-403,-674,S
-381,-674,S
-358,-674,S
-336,-674,S
-313,-674,S
-291,-674,S
-269,-674,S
-246,-674,S
-224,-674,S
-201,-674,S
-179,-674,S
-156,-674,S
-134,-674,S
-111,-674,S
-89,-674,S
-66,-674,A
-44,-674,A
-650,-569,A
-650,-569,A
-632,-569,A
-613,-569,A
-594,-569,A
-575,-569,S
-556,-569,S
-537,-569,S
-518,-569,S
-499,-569,S
-480,-569,S
-461,-569,S
-442,-569,S
-423,-569,S
-404,-569,S
-385,-569,S
-366,-569,S
-347,-569,S
-328,-569,S
-309,-569,S
-290,-569,S
-271,-569,S
-252,-569,S
-233,-569,S
-214,-569,S
-195,-569,S
-176,-569,S
-157,-569,S
-138,-569,S
-119,-569,S
-100,-569,A
-82,-569,A
-63,-569,A
-44,-569,A
-25,-569,A
-6,-569,A
13,-569,A
32,-569,A
50,-569,A
-650,-315,A
-650,-315,A
-640,-315,A
-629,-315,A
-619,-315,A
-608,-315,A
-598,-315,A
-587,-315,A
-577,-315,A
-566,-315,S
-556,-315,S
-545,-315,S
-535,-315,S
-524,-315,S
-514,-315,S
-503,-315,S
-493,-315,S
-482,-315,S
-472,-315,S
-461,-315,S
-451,-315,S
-440,-315,S
-430,-315,S
-419,-315,S
-409,-315,S
-398,-315,S
-388,-315,S
-377,-315,S
-367,-315,S
-356,-315,S
-346,-315,S
-335,-315,S
-325,-315,S
-314,-315,S
-304,-315,S
-293,-315,S
-283,-315,S
-272,-315,S
-262,-315,S
-251,-315,S
-241,-315,S
-230,-315,S
-220,-315,S
-209,-315,S
-199,-315,S
-188,-315,S
-178,-315,S
-167,-315,S
-157,-315,S
-146,-315,S
-136,-315,S
-125,-315,A
-115,-315,A
-104,-315,A
-94,-315,A
-83,-315,A
-73,-315,A
-62,-315,A
-52,-315,A
-41,-315,A
-31,-315,A
-20,-315,A
-10,-315,A
1,-315,A
11,-315,A
22,-315,A
32,-315,A
43,-315,A
50,-315,A
-650,-538,A
-650,-538,A
-633,-538,A
-615,-538,A
-597,-538,S
-579,-538,S
-561,-538,S
-543,-538,S
-525,-538,S
-507,-538,S
-489,-538,S
-471,-538,S
-453,-538,S
-435,-538,S
-417,-538,S
-399,-538,S
-382,-538,S
-364,-538,S
-346,-538,S
-328,-538,S
-310,-538,S
-292,-538,S
-274,-538,S
-256,-538,S
-238,-538,S
-220,-538,S
-202,-538,S
-184,-538,A
-166,-538,A
-148,-538,A
-130,-538,A
-113,-538,A
-95,-538,A
-77,-538,A
-59,-538,A
-41,-538,A
-23,-538,A
-5,-538,A
13,-538,A
31,-538,A
49,-538,A
50,-538,A
-650,-419,A
-650,-419,A
-637,-419,A
-623,-419,A
-609,-419,A
-595,-419,A
-581,-419,A
-567,-419,S
-553,-419,S
-539,-419,S
-525,-419,S
-511,-419,S
-497,-419,S
-483,-419,S
-469,-419,S
-455,-419,S
-441,-419,S
-427,-419,S
-413,-419,S
-399,-419,S
-385,-419,S
-371,-419,S
-357,-419,S
-343,-419,S
-329,-419,S
-315,-419,S
-301,-419,S
-287,-419,S
-273,-419,S
-259,-419,S
-245,-419,S
-232,-419,S
-218,-419,S
-204,-419,S
-190,-419,S
-176,-419,S
-162,-419,S
-148,-419,S
-134,-419,S
-120,-419,S
-106,-419,A
-92,-419,A
-78,-419,A
-64,-419,A
-50,-419,A
-36,-419,A
-22,-419,A
-8,-419,A
6,-419,A
20,-419,A
34,-419,A
48,-419,A
50,-419,A
-650,-425,A
-650,-425,A
-636,-425,A
-622,-425,A
-608,-425,A
-594,-425,A
-580,-425,A
-566,-425,A
-551,-425,S
-537,-425,S
-523,-425,S
-509,-425,S
-495,-425,S
-481,-425,S
-466,-425,S
-452,-425,S
-438,-425,S
-424,-425,S
-410,-425,S
-396,-425,S
-381,-425,S
-367,-425,S
-353,-425,S
-339,-425,S
-325,-425,S
-311,-425,S
-296,-425,S
-282,-425,S
-268,-425,S
-254,-425,S
-240,-425,S
-226,-425,S
-211,-425,S
-197,-425,S
-183,-425,S
-169,-425,S
-155,-425,S
-141,-425,S
-126,-425,S
-112,-425,A
-98,-425,A
-84,-425,A
-70,-425,A
-56,-425,A
-41,-425,A
-27,-425,A
-13,-425,A
1,-425,A
15,-425,A
29,-425,A
44,-425,A
50,-425,A
-650,-643,A
-650,-643,A
-629,-643,A
-608,-643,A
-586,-643,A
-565,-643,A
-543,-643,A
-522,-643,A
-500,-643,S
-479,-643,S
-458,-643,S
-436,-643,S
-415,-643,S
-393,-643,S
-372,-643,S
-350,-643,S
-329,-643,S
-308,-643,S
-286,-643,S
-265,-643,S
-243,-643,S
-222,-643,S
-200,-643,S
-179,-643,A
-158,-643,A
-136,-643,A
-115,-643,A
-93,-643,A
-72,-643,A
-50,-643,A
-29,-643,A
-8,-643,A
14,-643,A
35,-643,A
50,-643,A
-650,-327,A
-650,-327,A
-640,-327,A
-629,-327,A
-618,-327,A
-607,-327,A
-596,-327,A
-585,-327,A
-574,-327,S
-563,-327,S
-552,-327,S
-542,-327,S
-531,-327,S
-520,-327,S
-509,-327,S
-498,-327,S
-487,-327,S
-476,-327,S
-465,-327,S
-454,-327,S
-443,-327,S
-433,-327,S
-422,-327,S
-411,-327,S
-400,-327,S
-389,-327,S
-378,-327,S
-367,-327,S
-356,-327,S
-345,-327,S
-334,-327,S
-324,-327,S
-313,-327,S
-302,-327,S
-291,-327,S
-280,-327,S
-269,-327,S
-258,-327,S
-247,-327,S
-236,-327,S
-225,-327,S
-215,-327,S
-204,-327,S
-193,-327,S
-182,-327,S
-171,-327,S
-160,-327,S
-149,-327,S
-138,-327,S
-127,-327,A
-116,-327,A
-106,-327,A
-95,-327,A
-84,-327,A
-73,-327,A
-62,-327,A
-51,-327,A
-40,-327,A
-29,-327,A
-18,-327,A
-7,-327,A
3,-327,A
14,-327,A
25,-327,A
36,-327,A
47,-327,A
50,-327,A
-650,-435,A
-650,-435,A
-636,-435,A
-621,-435,A
-607,-435,S
-592,-435,S
-578,-435,S
-563,-435,S
-549,-435,S
-534,-435,S
-520,-435,S
-505,-435,S
-491,-435,S
-476,-435,S
-462,-435,S
-447,-435,S
-433,-435,S
-418,-435,S
-404,-435,S
-389,-435,S
-375,-435,S
-360,-435,S
-346,-435,S
-331,-435,S
-317,-435,S
-302,-435,S
-288,-435,S
-273,-435,S
-259,-435,S
-244,-435,S
-230,-435,S
-215,-435,A
-201,-435,A
-186,-435,A
-172,-435,A
-157,-435,A
-143,-435,A
-128,-435,A
-114,-435,A
-99,-435,A
-85,-435,A
-70,-435,A
-56,-435,A
-41,-435,A
-27,-435,A
-12,-435,A
2,-435,A
17,-435,A
31,-435,A
46,-435,A
50,-435,S
-650,-696,S
-650,-696,S
-627,-696,S
-604,-696,S
-581,-696,S
-558,-696,S
-534,-696,S
-511,-696,S
-488,-696,S
-465,-696,S
-442,-696,S
-418,-696,S
-395,-696,S
-372,-696,S
-349,-696,S
-326,-696,S
-302,-696,S
-279,-696,S
-256,-696,S
-233,-696,S
-210,-696,A
-186,-696,A
-163,-696,A
-140,-696,A
-117,-696,A
-94,-696,A
-70,-696,A
-47,-696,A
-24,-696,A
-1,-696,A
22,-696,A
46,-696,A
50,-696,A
-650,-458,A
-650,-458,A
-635,-458,A
-620,-458,A
-605,-458,A
-589,-458,A
-574,-458,A
-559,-458,A
-544,-458,S
-528,-458,S
-513,-458,S
-498,-458,S
-483,-458,S
-467,-458,S
-452,-458,S
-437,-458,S
-422,-458,S
-406,-458,S
-391,-458,S
-376,-458,S
-360,-458,S
-345,-458,S
-330,-458,S
-315,-458,S
-299,-458,S
-284,-458,S
-269,-458,S
-254,-458,S
-238,-458,S
-223,-458,S
-208,-458,S
-193,-458,S
-177,-458,S
-162,-458,S
-147,-458,S
-131,-458,S
-116,-458,S
-101,-458,S
-86,-458,S
-70,-458,S
-55,-458,A
-40,-458,A
-650,-491,A
-650,-491,A
-634,-491,A
-618,-491,A
-601,-491,A
-585,-491,S
-569,-491,S
-552,-491,S
-536,-491,S
-520,-491,S
-503,-491,S
-487,-491,S
-470,-491,S
-454,-491,S
-438,-491,S
-421,-491,S
-405,-491,S
-389,-491,S
-372,-491,S
-356,-491,S
-340,-491,S
-323,-491,S
-307,-491,S
-290,-491,S
-274,-491,S
-258,-491,S
-241,-491,S
-225,-491,S
-209,-491,S
-192,-491,A
-176,-491,A
-159,-491,A
-143,-491,A
-127,-491,A
-110,-491,A
-94,-491,A
-78,-491,A
-61,-491,A
-45,-491,A
-29,-491,A
-12,-491,A
4,-491,A
21,-491,A
37,-491,A
50,-491,A
-650,-562,A
-650,-562,A
-632,-562,A
-613,-562,A
-594,-562,A
-576,-562,A
-557,-562,S
-538,-562,S
-519,-562,S
-501,-562,S
-482,-562,S
-463,-562,S
-444,-562,S
-426,-562,S
-407,-562,S
-388,-562,S
-369,-562,S
-351,-562,S
-332,-562,S
-313,-562,S
-295,-562,S
-276,-562,S
-257,-562,S
-238,-562,S
-220,-562,S
-201,-562,S
-182,-562,S
-163,-562,A
-145,-562,A
-126,-562,A
-107,-562,A
-88,-562,A
-70,-562,A
-51,-562,A
-32,-562,A
-14,-562,A
5,-562,A
24,-562,A
43,-562,A
50,-562,A
-650,-610,A
-650,-610,A
-630,-610,A
-610,-610,A
-589,-610,A
-569,-610,A
-549,-610,A
-528,-610,A
-508,-610,S
-488,-610,S
-467,-610,S
-447,-610,S
-427,-610,S
-406,-610,S
-386,-610,S
-366,-610,S
-345,-610,S
-325,-610,S
-305,-610,S
-284,-610,S
-264,-610,S
-244,-610,S
-223,-610,S
-203,-610,A
-183,-610,A
-162,-610,A
-142,-610,A
-122,-610,A
-101,-610,A
-81,-610,A
-61,-610,A
-40,-610,A
-20,-610,A
0,-610,A
21,-610,A
41,-610,A
50,-610,A
-650,-512,A
-650,-512,A
-633,-512,A
-616,-512,A
-599,-512,A
-582,-512,A
-565,-512,A
-548,-512,A
-531,-512,S
-514,-512,S
-497,-512,S
-480,-512,S
-463,-512,S
-446,-512,S
-429,-512,S
-412,-512,S
-394,-512,S
-377,-512,S
-360,-512,S
-343,-512,S
-326,-512,S
-309,-512,S
-292,-512,S
-275,-512,S
-258,-512,S
-241,-512,S
-224,-512,S
-207,-512,S
-190,-512,S
-173,-512,S
-156,-512,S
-138,-512,S
-121,-512,S
-104,-512,A
-87,-512,A
-70,-512,A
-53,-512,A
-36,-512,A
-19,-512,A
-2,-512,A
15,-512,A
32,-512,A
49,-512,A
50,-512,A
-650,-395,A
-650,-395,A
-637,-395,A
-624,-395,A
-611,-395,A
-598,-395,A
-585,-395,A
-572,-395,A
-558,-395,A
-545,-395,S
-532,-395,S
-519,-395,S
-506,-395,S
-493,-395,S
-479,-395,S
-466,-395,S
-453,-395,S
-440,-395,S
-427,-395,S
-414,-395,S
-400,-395,S
-387,-395,S
-374,-395,S
-361,-395,S
-348,-395,S
-335,-395,S
-321,-395,S
-308,-395,S
-295,-395,S
-282,-395,S
-269,-395,S
-256,-395,S
-242,-395,S
-229,-395,S
-216,-395,S
-203,-395,S
-190,-395,S
-177,-395,S
-163,-395,S
-150,-395,S
-137,-395,S
-124,-395,S
-111,-395,S
-98,-395,S
-84,-395,A
-71,-395,A
-58,-395,A
-45,-395,A
-32,-395,A
-19,-395,A
-5,-395,A
8,-395,A
21,-395,A
34,-395,A
47,-395,A
50,-395,A
-650,-735,A
-650,-735,A
-626,-735,A
-601,-735,A
-577,-735,A
-552,-735,A
-528,-735,A
-503,-735,A
-479,-735,S
-454,-735,S
-430,-735,S
-405,-735,S
-381,-735,S
-356,-735,S
-332,-735,S
-307,-735,S
-283,-735,S
-258,-735,S
-234,-735,S
-209,-735,S
-185,-735,S
-160,-735,S
-136,-735,A
-111,-735,A
-87,-735,A
-62,-735,A
-38,-735,A
-13,-735,A
11,-735,A
36,-735,A
50,-735,A
-650,-597,A
-650,-597,A
-631,-597,A
-611,-597,A
-591,-597,A
-571,-597,A
-551,-597,A
-531,-597,A
-511,-597,A
-491,-597,S
-471,-597,S
-452,-597,S
-432,-597,S
-412,-597,S
-392,-597,S
-372,-597,S
-352,-597,S
-332,-597,S
-312,-597,S
-292,-597,S
-272,-597,S
-253,-597,S
-233,-597,S
-213,-597,A
-193,-597,A
-173,-597,A
-153,-597,A
-133,-597,A
-113,-597,A
-93,-597,A
-73,-597,A
-54,-597,A
-34,-597,A
-14,-597,A
6,-597,A
26,-597,A
46,-597,A
50,-597,A
-650,-609,A
-650,-609,A
-630,-609,A
-610,-609,A
-590,-609,A
-569,-609,A
-549,-609,A
-529,-609,S
-508,-609,S
-488,-609,S
-468,-609,S
-448,-609,S
-427,-609,S
-407,-609,S
-387,-609,S
-366,-609,S
-346,-609,S
-326,-609,S
-305,-609,S
-285,-609,S
-265,-609,S
-245,-609,S
-224,-609,S
-204,-609,S
-184,-609,S
-163,-609,S
-143,-609,S
-123,-609,A
-102,-609,A
-82,-609,A
-62,-609,A
-42,-609,A
-21,-609,A
-1,-609,A
19,-609,A
40,-609,A
50,-609,A
-650,-655,A
-650,-655,A
-629,-655,A
-607,-655,A
-585,-655,A
-563,-655,A
-541,-655,A
-519,-655,A
-498,-655,A
-476,-655,S
-454,-655,S
-432,-655,S
-410,-655,S
-388,-655,S
-367,-655,S
-345,-655,S
-323,-655,S
-301,-655,S
-279,-655,S
-257,-655,S
-236,-655,S
-214,-655,S
-192,-655,S
-170,-655,A
-148,-655,A
-126,-655,A
-105,-655,A
-83,-655,A
-61,-655,A
-39,-655,A
-17,-655,A
5,-655,A
26,-655,A
48,-655,A
50,-655,A
-650,-389,A
-650,-389,A
-638,-389,A
-625,-389,A
-612,-389,A
-599,-389,A
-586,-389,A
-573,-389,A
-560,-389,S
-547,-389,S
-534,-389,S
-521,-389,S
-508,-389,S
-495,-389,S
-482,-389,S
-469,-389,S
-456,-389,S
-443,-389,S
-430,-389,S
-417,-389,S
-404,-389,S
-391,-389,S
-378,-389,S
-365,-389,S
-352,-389,S
-339,-389,S
-326,-389,S
-313,-389,S
-300,-389,S
-287,-389,S
-274,-389,S
-261,-389,S
-249,-389,S
-236,-389,S
-223,-389,S
-210,-389,S
-197,-389,S
-184,-389,S
-171,-389,S
-158,-389,S
-145,-389,S
-132,-389,S
-119,-389,S
-106,-389,S
-93,-389,A
-80,-389,A
-67,-389,A
-54,-389,A
-41,-389,A
-28,-389,A
-15,-389,A
-2,-389,A
11,-389,A
24,-389,A
37,-389,A
50,-389,A
-650,-349,A
-650,-349,A
-639,-349,A
-627,-349,A
-616,-349,A
-604,-349,A
-592,-349,A
-581,-349,A
-569,-349,S
-557,-349,S
-546,-349,S
-534,-349,S
-523,-349,S
-511,-349,S
-499,-349,S
-488,-349,S
-476,-349,S
-464,-349,S
-453,-349,S
-441,-349,S
-429,-349,S
-418,-349,S
-406,-349,S
-395,-349,S
-383,-349,S
-371,-349,S
-360,-349,S
-348,-349,S
-336,-349,S
-325,-349,S
-313,-349,S
-302,-349,S
-290,-349,S
-278,-349,S
-267,-349,S
-255,-349,S
-243,-349,S
-232,-349,S
-220,-349,S
-208,-349,S
-197,-349,S
-185,-349,S
-174,-349,S
-162,-349,S
-150,-349,S
-139,-349,S
-127,-349,S
-115,-349,S
-104,-349,A
-92,-349,A
-80,-349,A
-69,-349,A
-57,-349,A
-46,-349,A
-34,-349,A
-22,-349,A
-11,-349,A
1,-349,A
13,-349,A
24,-349,A
36,-349,A
47,-349,A
50,-349,A
-650,-339,A
-650,-339,A
-639,-339,A
-628,-339,A
-617,-339,A
-605,-339,A
-594,-339,A
-583,-339,S
-571,-339,S
-560,-339,S
-549,-339,S
-538,-339,S
-526,-339,S
-515,-339,S
-504,-339,S
-492,-339,S
-481,-339,S
-470,-339,S
-458,-339,S
-447,-339,S
-436,-339,S
-425,-339,S
-413,-339,S
-402,-339,S
-391,-339,S
-379,-339,S
-368,-339,S
-357,-339,S
-345,-339,S
-334,-339,S
-323,-339,S
-312,-339,S
-300,-339,S
-289,-339,S
-278,-339,S
-266,-339,S
-255,-339,S
-244,-339,S
-232,-339,S
-221,-339,S
-210,-339,S
-199,-339,S
-187,-339,A
-176,-339,A
-165,-339,A
-153,-339,A
-142,-339,A
-131,-339,A
-119,-339,A
-108,-339,A
-97,-339,A
-86,-339,A
-74,-339,A
-63,-339,A
-52,-339,A
-40,-339,A
-29,-339,A
-18,-339,A
-6,-339,A
5,-339,A
